{
  "line_parm_right": {
    "1": [
      0.029341064351001294,
      -0.7714012505435955
    ],
    "10": [
      0.0225168038410526,
      -0.615598489832629
    ],
    "11": [
      0.01967944413864403,
      -0.5463545313271922
    ],
    "12": [
      0.031004096352009743,
      -0.8075364615933649
    ],
    "13": [
      0.03287438565802708,
      -0.852702544928778
    ],
    "14": [
      0.03260722649779777,
      -0.8462016465888401
    ],
    "15": [
      0.030168442365676302,
      -0.7881587458118525
    ],
    "16": [
      0.03214692930825395,
      -0.8345102967465929
    ],
    "17": [
      0.02997636628323951,
      -0.7825351888080349
    ],
    "2": [
      0.00019144395867498685,
      -0.026435488496504372
    ],
    "3": [
      0.028974910387174133,
      -0.7604470900134865
    ],
    "4": [
      0.02366733324600931,
      -0.6396170972570892
    ],
    "5": [
      0.027034927389959988,
      -0.7176526964450284
    ],
    "6": [
      0.02439262571146536,
      -0.6575553449481994
    ],
    "7": [
      0.026925364762936197,
      -0.7160675692299215
    ],
    "8": [
      0.0266598673273352,
      -0.709197973658858
    ],
    "9": [
      0.02641549614169014,
      -0.7035316418419841
    ]
  },
  "line_parm_left": {
    "1": [
      0.026259025040713705,
      -0.6918426775495317
    ],
    "10": [
      0.020011684264922693,
      -0.5501219860685734
    ],
    "11": [
      0.017449127389852638,
      -0.48725630505329126
    ],
    "12": [
      0.026480352423339827,
      -0.6960838257126668
    ],
    "13": [
      0.02818818061816549,
      -0.7380684795152133
    ],
    "14": [
      0.028822479191875104,
      -0.7533571499765142
    ],
    "15": [
      0.026678441861614124,
      -0.7024399831747631
    ],
    "16": [
      0.02837470836566995,
      -0.742222480174767
    ],
    "17": [
      0.025418568233091295,
      -0.6722369472924654
    ],
    "2": [
      -0.0004786669623729196,
      -0.009490318210625185
    ],
    "3": [
      0.02615869754491794,
      -0.6874754990765524
    ],
    "4": [
      0.02135091838696062,
      -0.5781271973323506
    ],
    "5": [
      0.024392240812624283,
      -0.6493963417063523
    ],
    "6": [
      0.021999924849017343,
      -0.5951844822629562
    ],
    "7": [
      0.024074276386626396,
      -0.6425729460412756
    ],
    "8": [
      0.023943424724159973,
      -0.6391102913965702
    ],
    "9": [
      0.023665343230534975,
      -0.6329356950892842
    ]
  },
  "categories": [
    "1",
    "10",
    "11",
    "12",
    "13",
    "14",
    "15",
    "16",
    "17",
    "2",
    "3",
    "4",
    "5",
    "6",
    "7",
    "8",
    "9"
  ],
  "created_at": "2026-03-27T23:33:15.911584"
}